generations,Models
perform,Efficiency
accelerating,Pickup
midsizer,Design
costly,Pricing
lighting,Design
availability,Manufacturer
effective,Efficiency
roomy,Design
height,Design
standing,Design
improvements,Models
bargain,Pricing
preference,Rankings/Rating/Reviews
bags,Safety
layout,Design
pressure,Efficiency
update,Models
unreliable,Safety
understeer,Efficiency
controlled,Safety
dynamics,Efficiency
underpowered,Efficiency
modified,Models
narrow,Design
rust,Design
ergonomics,Design
charging,Safety
manumatic,Engine
ranked,Rankings/Rating/Reviews
4-speed,Engine
steel,Design
automatically,Safety
hybrids,Models
electric,Safety
designing,Design
spare,Manufacturer
energy,Efficiency
substandard,Design
fire,Safety
investment,Pricing
economical,Pricing
headlamps,Design
electrical,Safety
taller,Design
low-end,Models
bills,Pricing
powered,Efficiency
consumption,Efficiency
wider,Design
styles,Design
turbos,Engine
showroom,Manufacturer
clearance,Design
milage,Efficiency
vents,Design
compression,Efficiency
coverage,Pricing
component,Manufacturer
germany,Manufacturer
belts,Safety
width,Design
dirt,Pricing
interface,Safety
7k,Pricing
140hp,Engine
ton,Design
d3,Engine
tons,Design
140k,Pricing
140,Pricing
turbocharged,Engine
3.5se,Models
sleek,Design
g35,Models
16k,Pricing
400k,Pricing
"300,000",Pricing
90k,Pricing
makers,Manufacturer
carspace,Design
builds,Design
5m,Design
ac,Design
3.7l,Engine
steep,Pricing
12k,Pricing
dimensions,Design
ranked,Rankings/Rating/Reviews
competent,Rankings/Rating/Reviews
handy,Design
sensor,Safety
german,Manufacturer
300hp,Engine
"10,000",Pricing
four-cylinder,Design
msn,Rankings/Rating/Reviews
six-speed,Engine
2.3l,Engine
heat,Safety
2.5s,Models
"20,000",Pricing
29,Pricing
91,Pricing
35,Pricing
diesels,Efficiency
1k,Pricing
2500,Design
240,Engine
glass,Design
270,Engine
221,Engine
250,Engine
2k,Pricing
batteries,Safety
7.5,Pricing
"200,000",Pricing
32,Pricing
130,Pricing
65,Pricing
400,Engine
lbs,Design
taxes,Pricing
40k,Pricing
pickup,Pickup
fluid,Design
27k,Pricing
lamps,Design
50k,Pricing
3.8l,Engine
transmissions,Engine
depreciation,Models
rating,Rankings/Rating/Reviews
lights,Design
safe,Safety
clutch,Engine
handles,Design
traction,Design
throttle,Engine
6-speed,Engine
platform,Design
handle,Design
systems,Design
key,Design
dealerships,Manufacturer
designs,Design
hatchback,Design
interiors,Design
gears,Design
controls,Design
factors,Design
shape,Design
measure,Design
appeal,Design
spin,Engine
tank,Design
lighter,Design
compact,Design
redesign,Design
cornering,Design
corners,Design
flat,Design
edge,Design
mechanical,Design
floor,Design
modern,Design
length,Design
minimal,Design
unique,Design
3.0-liter,Design
3.0l,Design
sunroof,Design
button,Design
inch,Design
areas,Design
5-speed,Engine
units,Design
powers,Engine
warranties,Design
plastics,Design
battery,Engine
gallon,Design
automatics,Design
steer,Design
block,Design
cylinders,Design
durability,Design
taillights,Design
luxury,Design
parking,Design
stereo,Design
rough,Design
buttons,Design
ground,Design
distance,Design
turns,Design
airbags,Design
fans,Design
commute,Design
heavily,Design
heavier,Design
piece,Design
chassis,Design
midsizers,Design
navigation,Design
qualities,Design
10k,Pricing
pump,Design
headlights,Design
roof,Design
stands,Design
butt,Design
color,Design
margin,Design
van,Design
300k,Pricing
aluminum,Design
racing,Design
expense,Pricing
overpriced,Pricing
seller,Manufacturer
pedal,Design
tech,Design
race,Engine
inches,Design
euro,Pricing
touch,Design
legroom,Design
leg,Design
"27,105",Pricing
14,Pricing
redesigned,Design
hatchbacks,Design
3000,Pricing
grip,Design
emissions,Engine
tall,Design
metal,Design
electronic,Design
moonroof,Design
appealing,Design
mirrors,Design
99,Pricing
96,Pricing
27,Pricing
92,Pricing
'04,Year
material,Design
2.4l,Design
radiator,Design
efficiency,Engine
spec,Design
"3,000",Pricing
lock,Design
specs,Design
manufacturing,Manufacturer
inexpensive,Pricing
neon,Design
146,Pricing
mfgr,Manufacturer
lean,Design
appear,Design
tiny,Design
sharp,Design
3.8,Pricing
28,Pricing
pricey,Pricing
22,Pricing
sellers,Manufacturer
2-Jan,Year
attributes,Design
smoothness,Design
"4,000",Pricing
3k,Pricing
headroom,Design
150k,Pricing
bold,Design
budget,Pricing
loyalty,Models
convertible,Design
"2,000",Pricing
mirror,Design
profile,Design
valve,Design
15k,Pricing
rentals,Manufacturer
accidents,Design
shorter,Design
loyal,Models
"1,500",Pricing
loyal,Models
5th,Pricing
display,Design
appearance,Design
motors,Engine
85,Pricing
1995,Year
midsized,Design
rubber,Design
26,Pricing
rented,Manufacturer
2,Pricing
93,Pricing
240hp,Engine
2gr,Engine
240hp,Engine
24k,Pricing
fluid,Design
19,Pricing
100k,Pricing
20k,Pricing
3.5l,Design
30k,Pricing
4cyl,Design
4-cyl,Design
4-cylinder,Design
acceleration,Engine
area,Design
automatic,Design
body,Design
brake,Safety
brakes,Safety
brand,Models
capacity,Design
cheap,Pricing
cheaper,Pricing
class,Models
comfortable,Design
company,Models
competition,Models
competitive,Models
competitors,Models
contour,Design
cost,Pricing
costs,Pricing
cyl,Design
cylinder,Design
deal,Manufacturer
dealer,Manufacturer
dealership,Manufacturer
design,Design
designed,Design
diesel,Engine
discount,Pricing
discounted,Pricing
discounts,Pricing
dollars,Pricing
doors,Design
engine,Engine
engines,Engine
expensive,Pricing
exterior,Design
feature,Design
features,Design
feel,Design
feels,Design
free,Pricing
fuel,Engine
gas,Engine
gear,Design
gen,Design
generation,Design
heavy,Design
high,Design
horsepower,Engine
hp,Engine
hybrid,Design
incentives,Pricing
insurance,Pricing
interior,Design
large,Design
leather,Design
long,Design
longer,Design
looked,Design
looking,Design
looks,Design
maintenance,Manufacturer
manual,Design
manufacturer,Manufacturer
manufacturers,Manufacturer
midsize,Design
mid-size,Design
mid-sized,Design
mileage,Engine
miles,Engine
model,Design
models,Design
motor,Engine
mpg,Engine
mph,Engine
name,Models
offer,Pricing
offering,Pricing
offers,Pricing
old,Year
owner,Manufacturer
ownership,Manufacturer
parts,Design
performance,Engine
pick,Engine
power,Engine
powerful,Engine
premium,Models
pretty,Design
price,Pricing
priced,Pricing
prices,Pricing
pricing,Pricing
product,Models
profit,Pricing
quality,Design
range,Design
recall,Engine
reliability,Engine
reliable,Engine
repair,Manufacturer
retail,Manufacturer
reviews,Rankings/Rating/Reviews
rpm,Design
safety,Design
sales,Rankings/Rating/Reviews
seat,Design
service,Manufacturer
size,Design
smooth,Design
sound,Design
sounds,Design
space,Design
speed,Engine
speeds,Engine
stability,Design
steering,Design
stock,Pricing
style,Design
styling,Design
suspension,Engine
technology,Engine
tire,Design
tires,Design
torque,Design
transmission,Engine
trunk,Design
turbo,Engine
type,Design
used,Year
v6,Engine
v-6,Engine
v6s,Engine
value,Pricing
version,Design
warranty,Pricing
weight,Design
wheel,Design
wheels,Design
window,Design
windows,Design
money,Pricing
pay,Pricing
i4,Engine
resale,Pricing
economy,Pricing
forum,Rankings/Rating/Reviews
oil,Design
dealers,Pricing
offered,Pricing
ratings,Rankings/Rating/Reviews
braking,Design
brands,Models
forums,Rankings/Rating/Reviews
sale,Pricing
review,Rankings/Rating/Reviews
0-60,Pricing
1996,Year
2000,Year
2006,Year
2007,Year
2008,Year
2009,Year
'07,Year
'08,Year
