generations,Models,,,,,,,Price/discount/offers/sale
perform,Performance,,,,,,,Engine
accelerating,Pickup,,,,,,,Cylinder
midsizer,Design,,,,,,,Design
costly,Pricing,,,,,,,Technology
lighting,Design,,,,,,,Rating/reviews
availability,Manufacturer,,,,,,,Manufacturer/dealer
effective,Efficiency,,,,,,,Safety
magic,Aspiration,,,,,,,Brand
roomy,Design,,,,,,,Year
height,Design,,,,,,,Efficiency
standing,Design,,,,,,,Performance
improvements,Models,,,,,,,
bargain,Pricing,,,,,,,
preference,Rankings,,,,,,,
bags,Safety,,,,,,,
layout,Design,,,,,,,
pressure,Performance,,,,,,,
update,Models,,,,,,,
unreliable,Safety,,,,,,,
understeer,Performance,,,,,,,
controlled,Safety,,,,,,,
dynamics,Performance,,,,,,,
underpowered,Performance,,,,,,,
modified,Models,,,,,,,
narrow,Design,,,,,,,
rust,Quality,,,,,,,
ergonomics,Design,,,,,,,
charging,Technology,,,,,,,
manumatic,Engine,,,,,,,
ranked,Rankings,,,,,,,
4-speed,Engine,,,,,,,
steel,Quality,,,,,,,
automatically,Technology,,,,,,,
hybrids,Models,,,,,,,
electric,Technology,,,,,,,
designing,Design,,,,,,,
spare,Manufacturer,,,,,,,
energy,Efficiency,,,,,,,
substandard,Quality,,,,,,,
fire,Safety,,,,,,,
investment,Pricing,,,,,,,
economical,Pricing,,,,,,,
headlamps,Design,,,,,,,
electrical,Technology,,,,,,,
taller,Design,,,,,,,
low-end,Models,,,,,,,
bills,Pricing,,,,,,,
powered,Performance,,,,,,,
consumption,Efficiency,,,,,,,
wider,Design,,,,,,,
styles,Design,,,,,,,
turbos,Engine,,,,,,,
showroom,Manufacturer,,,,,,,
dream,Aspiration,,,,,,,
clearance,Design,,,,,,,
milage,Efficiency,,,,,,,
vents,Design,,,,,,,
compression,Efficiency,,,,,,,
coverage,Pricing,,,,,,,
component,Manufacturer,,,,,,,
germany,Manufacturer,,,,,,,
belts,Safety,,,,,,,
width,Design,,,,,,,
dirt,Pricing,,,,,,,
interface,Technology,,,,,,,
7k,Pricing,,,,,,,
140hp,Engine,,,,,,,
ton,Design,,,,,,,
d3,Engine,,,,,,,
tons,Design,,,,,,,
140k,Pricing,,,,,,,
140,Pricing,,,,,,,
turbocharged,Engine,,,,,,,
3.5se,Nissan,,,,,,,
sleek,Design,,,,,,,
g35,infiniti,,,,,,,
16k,Pricing,,,,,,,
400k,Pricing,,,,,,,
"300,000",Pricing,,,,,,,
90k,Pricing,,,,,,,
makers,Manufacturer,,,,,,,
carspace,Design,,,,,,,
builds,Quality,,,,,,,
5m,Design,,,,,,,
ac,Design,,,,,,,
3.7l,Engine,,,,,,,
steep,Pricing,,,,,,,
12k,Pricing,,,,,,,
dimensions,Design,,,,,,,
beautiful,Aspiration,,,,,,,
ranked,Rankings,,,,,,,
competent,Rankings,,,,,,,
handy,Design,,,,,,,
sensor,Technology,,,,,,,
german,Manufacturer,,,,,,,
300hp,Engine,,,,,,,
"10,000",Pricing,,,,,,,
four-cylinder,Cylinder,,,,,,,
msn,Rankings,,,,,,,
six-speed,Engine,,,,,,,
2.3l,Engine,,,,,,,
heat,Safety,,,,,,,
2.5s,Nissan,,,,,,,
"20,000",Pricing,,,,,,,
29,Pricing,,,,,,,
91,Pricing,,,,,,,
35,Pricing,,,,,,,
diesels,Efficiency,,,,,,,
1k,Pricing,,,,,,,
2500,Design,,,,,,,
240,Engine,,,,,,,
glass,Design,,,,,,,
270,Engine,,,,,,,
221,Engine,,,,,,,
250,Engine,,,,,,,
2k,Pricing,,,,,,,
batteries,Technology,,,,,,,
7.5,Pricing,,,,,,,
"200,000",Pricing,,,,,,,
32,Pricing,,,,,,,
130,Pricing,,,,,,,
65,Pricing,,,,,,,
400,Engine,,,,,,,
lbs,Design,,,,,,,
taxes,Pricing,,,,,,,
40k,Pricing,,,,,,,
pickup,Pickup,,,,,,,
fluid,Design,,,,,,,
27k,Pricing,,,,,,,
lamps,Design,,,,,,,
50k,Pricing,,,,,,,
3.8l,Engine,,,,,,,
transmissions,Engine,,,,,,,
depreciation,Brand,,,,,,,
rating,Rating/reviews,,,,,,,
lights,Design,,,,,,,
safe,Safety,,,,,,,
clutch,Engine,,,,,,,
handles,Design,,,,,,,
traction,Design,,,,,,,
throttle,Engine,,,,,,,
6-speed,Engine,,,,,,,
platform,Design,,,,,,,
handle,Design,,,,,,,
systems,Design,,,,,,,
key,Design,,,,,,,
dealerships,Manufacturer/dealer,,,,,,,
designs,Design,,,,,,,
hatchback,Design,,,,,,,
interiors,Design,,,,,,,
gears,Design,,,,,,,
controls,Design,,,,,,,
factors,Design,,,,,,,
shape,Design,,,,,,,
measure,Design,,,,,,,
appeal,Design,,,,,,,
spin,Engine,,,,,,,
tank,Design,,,,,,,
lighter,Design,,,,,,,
compact,Design,,,,,,,
redesign,Design,,,,,,,
cornering,Design,,,,,,,
corners,Design,,,,,,,
flat,Design,,,,,,,
edge,Design,,,,,,,
mechanical,Design,,,,,,,
floor,Design,,,,,,,
modern,Design,,,,,,,
length,Design,,,,,,,
minimal,Design,,,,,,,
unique,Design,,,,,,,
3.0-liter,Cylinder,,,,,,,
3.0l,Cylinder,,,,,,,
sunroof,Design,,,,,,,
button,Design,,,,,,,
inch,Design,,,,,,,
areas,Design,,,,,,,
5-speed,Engine,,,,,,,
units,Design,,,,,,,
powers,Engine,,,,,,,
warranties,Design,,,,,,,
plastics,Design,,,,,,,
battery,Engine,,,,,,,
gallon,Cylinder,,,,,,,
automatics,Design,,,,,,,
steer,Design,,,,,,,
block,Design,,,,,,,
cylinders,Cylinder,,,,,,,
durability,Design,,,,,,,
taillights,Design,,,,,,,
luxury,Design,,,,,,,
parking,Design,,,,,,,
stereo,Design,,,,,,,
rough,Design,,,,,,,
buttons,Design,,,,,,,
ground,Design,,,,,,,
distance,Design,,,,,,,
turns,Design,,,,,,,
airbags,Design,,,,,,,
fans,Design,,,,,,,
commute,Design,,,,,,,
heavily,Design,,,,,,,
heavier,Design,,,,,,,
piece,Design,,,,,,,
chassis,Design,,,,,,,
midsizers,Design,,,,,,,
navigation,Design,,,,,,,
qualities,Design,,,,,,,
10k,Price/discount/offers/sale,,,,,,,
pump,Design,,,,,,,
headlights,Design,,,,,,,
roof,Design,,,,,,,
stands,Design,,,,,,,
butt,Design,,,,,,,
color,Design,,,,,,,
margin,Design,,,,,,,
van,Design,,,,,,,
300k,Price/discount/offers/sale,,,,,,,
aluminum,Design,,,,,,,
racing,Design,,,,,,,
expense,Price/discount/offers/sale,,,,,,,
overpriced,Price/discount/offers/sale,,,,,,,
seller,Manufacturer/dealer,,,,,,,
pedal,Design,,,,,,,
tech,Design,,,,,,,
race,Engine,,,,,,,
inches,Design,,,,,,,
euro,Price/discount/offers/sale,,,,,,,
touch,Design,,,,,,,
legroom,Design,,,,,,,
leg,Design,,,,,,,
"27,105",Price/discount/offers/sale,,,,,,,
14,Price/discount/offers/sale,,,,,,,
redesigned,Design,,,,,,,
hatchbacks,Design,,,,,,,
3000,Price/discount/offers/sale,,,,,,,
grip,Design,,,,,,,
emissions,Engine,,,,,,,
tall,Design,,,,,,,
metal,Design,,,,,,,
electronic,Design,,,,,,,
moonroof,Design,,,,,,,
appealing,Design,,,,,,,
mirrors,Design,,,,,,,
99,Price/discount/offers/sale,,,,,,,
96,Price/discount/offers/sale,,,,,,,
27,Price/discount/offers/sale,,,,,,,
92,Price/discount/offers/sale,,,,,,,
'04,Year,,,,,,,
material,Design,,,,,,,
2.4l,Cylinder,,,,,,,
radiator,Design,,,,,,,
efficiency,Engine,,,,,,,
spec,Design,,,,,,,
"3,000",Price/discount/offers/sale,,,,,,,
lock,Design,,,,,,,
specs,Design,,,,,,,
manufacturing,Manufacturer/dealer,,,,,,,
inexpensive,Price/discount/offers/sale,,,,,,,
neon,Design,,,,,,,
146,Price/discount/offers/sale,,,,,,,
mfgr,Manufacturer/dealer,,,,,,,
lean,Design,,,,,,,
appear,Design,,,,,,,
tiny,Design,,,,,,,
sharp,Design,,,,,,,
3.8,Price/discount/offers/sale,,,,,,,
28,Price/discount/offers/sale,,,,,,,
pricey,Price/discount/offers/sale,,,,,,,
22,Price/discount/offers/sale,,,,,,,
sellers,Manufacturer/dealer,,,,,,,
2-Jan,Year,,,,,,,
attributes,Design,,,,,,,
smoothness,Design,,,,,,,
"4,000",Price/discount/offers/sale,,,,,,,
3k,Price/discount/offers/sale,,,,,,,
headroom,Design,,,,,,,
150k,Price/discount/offers/sale,,,,,,,
bold,Design,,,,,,,
budget,Price/discount/offers/sale,,,,,,,
loyalty,Brand,,,,,,,
convertible,Design,,,,,,,
"2,000",Price/discount/offers/sale,,,,,,,
mirror,Design,,,,,,,
profile,Design,,,,,,,
valve,Design,,,,,,,
15k,Price/discount/offers/sale,,,,,,,
rentals,Manufacturer/dealer,,,,,,,
accidents,Design,,,,,,,
shorter,Design,,,,,,,
loyal,Brand,,,,,,,
"1,500",Price/discount/offers/sale,,,,,,,
loyal,Brand,,,,,,,
5th,Price/discount/offers/sale,,,,,,,
display,Design,,,,,,,
appearance,Design,,,,,,,
motors,Engine,,,,,,,
85,Price/discount/offers/sale,,,,,,,
1995,Year,,,,,,,
midsized,Design,,,,,,,
rubber,Design,,,,,,,
26,Price/discount/offers/sale,,,,,,,
rented,Manufacturer/dealer,,,,,,,
2,Price/discount/offers/sale,,,,,,,
93,Price/discount/offers/sale,,,,,,,
240hp,Engine,,,,,,,
2gr,Engine,,,,,,,
240hp,Engine,,,,,,,
24k,Price/discount/offers/sale,,,,,,,
fluid,Cylinder,,,,,,,
19,Price/discount/offers/sale,,,,,,,
Price/discount/offers/sale,Price/discount/offers/sale,,,,,,,
100k,Price/discount/offers/sale,,,,,,,
20k,Price/discount/offers/sale,,,,,,,
3.5l,Cylinder,,,,,,,
30k,Price/discount/offers/sale,,,,,,,
4cyl,Cylinder,,,,,,,
4-cyl,Cylinder,,,,,,,
4-cylinder,Cylinder,,,,,,,
acceleration,Engine,,,,,,,
area,Design,,,,,,,
automatic,Design,,,,,,,
body,Design,,,,,,,
brake,Brake,,,,,,,
brakes,Brake,,,,,,,
brand,Brand,,,,,,,
capacity,Cylinder,,,,,,,
cheap,Price/discount/offers/sale,,,,,,,
cheaper,Price/discount/offers/sale,,,,,,,
class,Brand,,,,,,,
comfortable,Design,,,,,,,
company,Brand,,,,,,,
competition,Brand,,,,,,,
competitive,Brand,,,,,,,
competitors,Brand,,,,,,,
contour,Design,,,,,,,
cost,Price/discount/offers/sale,,,,,,,
costs,Price/discount/offers/sale,,,,,,,
cyl,Cylinder,,,,,,,
cylinder,Cylinder,,,,,,,
deal,Manufacturer/dealer,,,,,,,
dealer,Manufacturer/dealer,,,,,,,
dealership,Manufacturer/dealer,,,,,,,
design,Design,,,,,,,
designed,Design,,,,,,,
diesel,Engine,,,,,,,
discount,Price/discount/offers/sale,,,,,,,
discounted,Price/discount/offers/sale,,,,,,,
discounts,Price/discount/offers/sale,,,,,,,
dollars,Price/discount/offers/sale,,,,,,,
doors,Design,,,,,,,
engine,Engine,,,,,,,
engines,Engine,,,,,,,
expensive,Price/discount/offers/sale,,,,,,,
exterior,Design,,,,,,,
feature,Design,,,,,,,
features,Design,,,,,,,
feel,Design,,,,,,,
feels,Design,,,,,,,
free,Price/discount/offers/sale,,,,,,,
fuel,Engine,,,,,,,
gas,Engine,,,,,,,
gear,Design,,,,,,,
gen,Design,,,,,,,
generation,Design,,,,,,,
heavy,Design,,,,,,,
high,Design,,,,,,,
horsepower,Engine,,,,,,,
hp,Engine,,,,,,,
hybrid,Design,,,,,,,
incentives,Price/discount/offers/sale,,,,,,,
insurance,Price/discount/offers/sale,,,,,,,
interior,Design,,,,,,,
large,Design,,,,,,,
leather,Design,,,,,,,
long,Design,,,,,,,
longer,Design,,,,,,,
looked,Design,,,,,,,
looking,Design,,,,,,,
looks,Design,,,,,,,
maintenance,Manufacturer/dealer,,,,,,,
manual,Design,,,,,,,
manufacturer,Manufacturer/dealer,,,,,,,
manufacturers,Manufacturer/dealer,,,,,,,
midsize,Design,,,,,,,
mid-size,Design,,,,,,,
mid-sized,Design,,,,,,,
mileage,Engine,,,,,,,
miles,Engine,,,,,,,
model,Design,,,,,,,
models,Design,,,,,,,
motor,Engine,,,,,,,
mpg,Engine,,,,,,,
mph,Engine,,,,,,,
name,Brand,,,,,,,
offer,Price/discount/offers/sale,,,,,,,
offering,Price/discount/offers/sale,,,,,,,
offers,Price/discount/offers/sale,,,,,,,
old,Year,,,,,,,
owner,Manufacturer/dealer,,,,,,,
ownership,Manufacturer/dealer,,,,,,,
parts,Design,,,,,,,
performance,Engine,,,,,,,
pick,Engine,,,,,,,
power,Engine,,,,,,,
powerful,Engine,,,,,,,
premium,Brand,,,,,,,
pretty,Design,,,,,,,
price,Price/discount/offers/sale,,,,,,,
priced,Price/discount/offers/sale,,,,,,,
prices,Price/discount/offers/sale,,,,,,,
pricing,Price/discount/offers/sale,,,,,,,
product,Brand,,,,,,,
profit,Price/discount/offers/sale,,,,,,,
quality,Design,,,,,,,
range,Design,,,,,,,
recall,Engine,,,,,,,
reliability,Engine,,,,,,,
reliable,Engine,,,,,,,
repair,Manufacturer/dealer,,,,,,,
retail,Manufacturer/dealer,,,,,,,
reviews,Rating/reviews,,,,,,,
rpm,Design,,,,,,,
safety,Design,,,,,,,
sales,Rating/reviews,,,,,,,
seat,Design,,,,,,,
service,Manufacturer/dealer,,,,,,,
size,Design,,,,,,,
smooth,Design,,,,,,,
sound,Design,,,,,,,
sounds,Design,,,,,,,
space,Design,,,,,,,
speed,Engine,,,,,,,
speeds,Engine,,,,,,,
stability,Design,,,,,,,
steering,Design,,,,,,,
stock,Price/discount/offers/sale,,,,,,,
style,Design,,,,,,,
styling,Design,,,,,,,
suspension,Engine,,,,,,,
technology,Engine,,,,,,,
tire,Design,,,,,,,
tires,Design,,,,,,,
torque,Design,,,,,,,
transmission,Engine,,,,,,,
trunk,Design,,,,,,,
turbo,Engine,,,,,,,
type,Design,,,,,,,
used,Year,,,,,,,
v6,Engine,,,,,,,
v-6,Engine,,,,,,,
v6s,Engine,,,,,,,
value,Price/discount/offers/sale,,,,,,,
version,Design,,,,,,,
warranty,Price/discount/offers/sale,,,,,,,
weight,Design,,,,,,,
wheel,Design,,,,,,,
wheels,Design,,,,,,,
window,Design,,,,,,,
windows,Design,,,,,,,
money,Price/discount/offers/sale,,,,,,,
pay,Price/discount/offers/sale,,,,,,,
i4,Engine,,,,,,,
resale,Price/discount/offers/sale,,,,,,,
economy,Price/discount/offers/sale,,,,,,,
forum,Rating/reviews,,,,,,,
oil,Cylinder,,,,,,,
dealers,Price/discount/offers/sale,,,,,,,
offered,Price/discount/offers/sale,,,,,,,
ratings,Rating/reviews,,,,,,,
braking,Design,,,,,,,
brands,Brand,,,,,,,
forums,Rating/reviews,,,,,,,
sale,Price/discount/offers/sale,,,,,,,
review,Rating/reviews,,,,,,,
0-60,Price/discount/offers/sale,,,,,,,
1996,Year,,,,,,,
2000,Year,,,,,,,
2006,Year,,,,,,,
2007,Year,,,,,,,
2008,Year,,,,,,,
2009,Year,,,,,,,
'07,Year,,,,,,,
'08,Year,,,,,,,
